Age,StudyTimeWeekly,Absences,Catch_up_study_hours,Gender_Male,Ethnicity_Asian,Ethnicity_Caucasian,ParentalEducation_High School,ParentalEducation_Higher Study,ParentalEducation_None,ParentalEducation_Some College,Tutoring_Yes,ParentalSupport_Low,ParentalSupport_Moderate,Extracurricular_Yes,Sports_Yes,Music_Yes,Volunteering_Yes,Constructive_Extracurricular_Yes,Receives_Support_Yes,GPA
17,-1.2199444623025302,0.7898934256794546,0.0957255295351596,0.0,0.0,1.0,0.0,0.0,0.0,1.0,1.0,0.0,0.0,0.0,0.0,0.0,0.0,0.0,1.0,1.2880611817953875
17,-1.2392958635319007,-0.9413798360837334,-0.8769693673543644,1.0,0.0,1.0,0.0,0.0,1.0,0.0,0.0,0.0,1.0,0.0,1.0,0.0,1.0,1.0,0.0,2.896819189513569
17,-0.28180783495400274,0.46527968909885686,0.404517560293739,0.0,0.0,1.0,0.0,0.0,0.0,0.0,0.0,0.0,0.0,1.0,0.0,0.0,0.0,1.0,1.0,2.0542181397029484
18,-0.6036567066542262,-1.0495844149439326,-0.9232881719681513,1.0,0.0,1.0,1.0,0.0,0.0,0.0,0.0,1.0,0.0,1.0,0.0,0.0,0.0,1.0,0.0,3.0841836144863937
16,1.1921512034331216,-1.0495844149439326,-0.9232881719681513,0.0,0.0,1.0,1.0,0.0,0.0,0.0,0.0,0.0,0.0,1.0,0.0,0.0,0.0,1.0,1.0,3.5734742103297656
17,1.435472905683682,-0.2921523629225379,-0.15130809507170354,0.0,0.0,1.0,0.0,0.0,0.0,1.0,1.0,0.0,1.0,0.0,0.0,1.0,0.0,1.0,1.0,2.929195591667681
15,0.6942506868588901,0.03246137365805985,0.15748393568687546,1.0,0.0,0.0,1.0,0.0,0.0,0.0,0.0,0.0,0.0,0.0,1.0,0.0,0.0,1.0,1.0,2.748237414891583
