Model,Actual,Predicted
deep_learning,3.042914833436377,3.108195818610226
deep_learning,0.1126022544661815,0.2218633625249038
