Model,Actual,Predicted
random_forest,3.042914833436377,3.0652141070791026
random_forest,0.1126022544661815,1.834991698747339
